current_status,resources_required,project_description,area_of_interest,delivery_time,region
130000,Advanced technology and innovation,The project focuses on implementing off-grid solar power solutions to provide electricity access to remote villages in sub-Saharan Africa.,Infrastructure and urban planning,3,Africa
720000,Advanced technology and innovation,This project aims to deploy IoT-based smart agriculture solutions to optimize water usage and increase crop yields in drought-prone regions of Asia.,Infrastructure and urban planning,12,Asia
10000,Business development and scaling strategies,This project aims to provide technical assistance and funding opportunities to minority-owned businesses to overcome barriers and achieve sustainable growth in North American markets.,Arts and culture,6,North America
240000,Business development and scaling strategies,"This project aims to establish community-based cooperatives to support smallholder farmers in accessing markets, agricultural inputs, and financial services in Africa.",Community development,2,Africa
600000,Advanced technology and innovation,This project aims to deploy IoT-based smart agriculture solutions to optimize water usage and increase crop yields in drought-prone regions of Asia.,Agricultural development,5,Asia
520000,Advanced technology and innovation,This project aims to develop autonomous drones for monitoring and studying the impact of climate change on Antarctic ice shelves.,Women and children's welfare,12,Antarctica
700000,Advanced technology and innovation,This project aims to deploy IoT-based smart agriculture solutions to optimize water usage and increase crop yields in drought-prone regions of Asia.,Environmental conservation,7,Asia
1000000,Advanced technology and innovation,This project aims to implement blockchain technology to create transparent supply chains for fair-trade coffee production in South American coffee-growing regions.,Public health initiatives,8,South America
890000,Advanced technology and innovation,This project aims to deploy IoT-based smart agriculture solutions to optimize water usage and increase crop yields in drought-prone regions of Asia.,Arts and culture,9,Asia
240000,Advanced technology and innovation,This project aims to implement blockchain technology to create transparent supply chains for fair-trade coffee production in South American coffee-growing regions.,Financial inclusion,12,South America
550000,Advanced technology and innovation,This project aims to develop AI-powered waste management systems to reduce landfill waste and promote recycling in urban areas of Europe.,Agricultural development,8,Europe
20000,Advanced technology and innovation,The project focuses on deploying marine energy harvesting systems to generate clean electricity from ocean waves along the coastline of Australia.,Infrastructure and urban planning,6,Australia
350000,Advanced technology and innovation,The project focuses on implementing off-grid solar power solutions to provide electricity access to remote villages in sub-Saharan Africa.,Arts and culture,4,Africa
580000,Advanced technology and innovation,The project focuses on building electric vehicle charging infrastructure to support the transition to sustainable transportation in major cities across North America.,Arts and culture,10,North America
80000,Advanced technology and innovation,This project aims to develop AI-powered waste management systems to reduce landfill waste and promote recycling in urban areas of Europe.,Technology and innovation,4,Europe
110000,Business development and scaling strategies,The project focuses on providing microfinance loans and business training to women entrepreneurs in rural areas of Asia to empower economic growth and gender equality.,Environmental conservation,10,Asia
520000,Business development and scaling strategies,This project aims to provide technical assistance and funding opportunities to minority-owned businesses to overcome barriers and achieve sustainable growth in North American markets.,Agricultural development,11,North America
490000,Advanced technology and innovation,This project aims to develop autonomous drones for monitoring and studying the impact of climate change on Antarctic ice shelves.,Technology and innovation,3,Antarctica
270000,Advanced technology and innovation,The project focuses on implementing off-grid solar power solutions to provide electricity access to remote villages in sub-Saharan Africa.,Agricultural development,10,Africa
340000,Business development and scaling strategies,The project focuses on promoting sustainable tourism practices and eco-friendly initiatives to protect the unique biodiversity and fragile ecosystems of Antarctica.,Technology and innovation,4,Antarctica
